Market,Arrival Date,Arrivals (Tonnes),Variety,Minimum Price(Rs./Quintal),Maximum Price(Rs./Quintal),Modal Price(Rs./Quintal),
Achalda,01/12/2014,65,Desi,NR,NR,1600,
,02/12/2014,80,Desi,1450,1650,1550,
,03/12/2014,50,Desi,NR,NR,1600,
,04/12/2014,95,Desi,NR,NR,1240,
,05/12/2014,100,Desi,NR,NR,1200,
,06/12/2014,80,Desi,NR,NR,1250,
,08/12/2014,120,Desi,NR,NR,1150,
,09/12/2014,75,Desi,950,1450,1200,
,10/12/2014,60,Desi,NR,NR,1240,
,11/12/2014,100,Desi,NR,NR,1150,
,12/12/2014,120,Desi,NR,NR,950,
,13/12/2014,80,Desi,NR,NR,1000,
,15/12/2014,70,Desi,NR,NR,1100,
,16/12/2014,80,Desi,NR,NR,950,
,17/12/2014,85,Desi,NR,NR,900,
,18/12/2014,100,Desi,NR,NR,800,
,20/12/2014,80,Desi,NR,NR,725,
,22/12/2014,125,Desi,600,750,675,
,23/12/2014,150,Desi,600,750,650,
,24/12/2014,100,Desi,600,775,680,
,25/12/2014,135,Desi,600,685,625,
,26/12/2014,85,Desi,600,700,650,
,29/12/2014,100,Desi,NR,NR,600,
,31/12/2014,70,Desi,600,750,680,
Achnera,30/12/2014,420,Desi,650,750,700,
Agra,02/12/2014,1250,Local,NR,NR,1320,
,03/12/2014,1280,Local,NR,NR,1310,
,04/12/2014,1260,Desi,1280,1400,1350,
,05/12/2014,1360,Desi,1170,1300,1240,
,06/12/2014,1400,Desi,900,1050,1000,
,08/12/2014,1450,Local,NR,NR,1060,
,09/12/2014,1480,Desi,800,950,900,
,10/12/2014,1500,Local,NR,NR,900,
,12/12/2014,1550,Desi,NR,NR,800,
,15/12/2014,1330,Local,NR,NR,820,
,16/12/2014,1420,Desi,NR,NR,840,
,17/12/2014,1520,Desi,670,800,700,
,18/12/2014,1430,Desi,700,800,725,
,19/12/2014,330,Desi,1600,1800,1680,
,20/12/2014,1450,Desi,650,800,780,
,22/12/2014,1500,Desi,700,840,750,
,23/12/2014,1520,Local,700,800,740,
,24/12/2014,1500,Desi,700,800,750,
,26/12/2014,1650,Desi,650,850,700,
,27/12/2014,1560,Desi,670,860,730,
,29/12/2014,1600,Desi,650,775,700,
,30/12/2014,1640,Desi,600,700,650,
,31/12/2014,1580,Desi,650,750,705,
Ahirora,29/12/2014,30,Other,NR,NR,780,
Ajuha,01/12/2014,132.5,Desi,NR,NR,1750,
,08/12/2014,158.5,Desi,NR,NR,1480,
,11/12/2014,162,Desi,NR,NR,1365,
,15/12/2014,178,Desi,NR,NR,1045,
,18/12/2014,165,Desi,NR,NR,840,
,25/12/2014,165,Desi,NR,NR,700,
,29/12/2014,175,Desi,NR,NR,640,
Akbarpur,01/12/2014,117,Other,1600,1750,1700,
,02/12/2014,139,Other,1350,1450,1400,
,03/12/2014,112,Other,1350,1450,1400,
,04/12/2014,105.4,Other,1350,1400,1380,
,05/12/2014,9,Other,1300,1400,1350,
,06/12/2014,69,Other,1250,1350,1300,
,08/12/2014,97,Other,1200,1300,1250,
,09/12/2014,55,Other,1250,1350,1300,
,10/12/2014,87,Other,1150,1250,1200,
,11/12/2014,91,Other,1050,1120,1100,
,12/12/2014,87,Other,1000,1080,1050,
,13/12/2014,99,Other,950,1050,1000,
,14/12/2014,99,Other,950,1000,980,
,15/12/2014,57,Other,900,1000,950,
,16/12/2014,55,Other,850,950,900,
,17/12/2014,96,Other,800,900,850,
,18/12/2014,96,Other,800,900,850,
,19/12/2014,78,Other,750,850,800,
,20/12/2014,78,Other,750,850,800,
,21/12/2014,78,Other,700,770,750,
,22/12/2014,55,Other,670,750,700,
,23/12/2014,35,Other,650,750,700,
,24/12/2014,84,Other,700,750,725,
,25/12/2014,77,Other,650,750,725,
,26/12/2014,78,Other,650,750,700,
,27/12/2014,85,Other,650,750,700,
,28/12/2014,79, ,NR,NR,NR,
,29/12/2014,45, ,NR,NR,NR,
,30/12/2014,54, ,NR,NR,NR,
Aliganj,29/12/2014,10,Local,780,820,800,
Aligarh,01/12/2014,340,Desi,1300,1400,1380,
,02/12/2014,270,Desi,1300,1400,1370,
,03/12/2014,390,Desi,1150,1280,1220,
,04/12/2014,400,Desi,1050,1140,1100,
,05/12/2014,350,Desi,950,1100,1050,
,06/12/2014,380,Desi,900,1000,940,
,08/12/2014,400,Desi,860,950,900,
,09/12/2014,390,Desi,880,930,900,
,10/12/2014,350,Desi,880,940,910,
,11/12/2014,370,Desi,880,930,900,
,12/12/2014,400,Desi,800,850,830,
,13/12/2014,350,Desi,750,820,790,
,15/12/2014,370,Desi,700,800,750,
,16/12/2014,400,Desi,700,760,720,
,17/12/2014,390,Desi,680,740,700,
,18/12/2014,320,Desi,680,730,710,
,19/12/2014,300,Desi,650,720,700,
,20/12/2014,330,Desi,620,700,680,
,22/12/2014,300,Desi,680,720,700,
,23/12/2014,290,Desi,680,740,710,
,24/12/2014,340,Desi,700,750,720,
,25/12/2014,360,Desi,680,750,710,
,26/12/2014,290,Desi,680,750,700,
,27/12/2014,350,Desi,650,700,680,
,29/12/2014,370,Desi,650,700,670,
,30/12/2014,400,Desi,620,700,660,
Allahabad,01/12/2014,320,Local,NR,NR,1650,
,02/12/2014,400,Local,NR,NR,1600,
,03/12/2014,500,Local,NR,NR,1500,
,04/12/2014,480,Local,NR,NR,1500,
,05/12/2014,550,Local,NR,NR,1350,
,06/12/2014,700,Local,NR,NR,1350,
,08/12/2014,740,Local,NR,NR,1200,
,09/12/2014,800,Local,NR,NR,1200,
,10/12/2014,750,Local,NR,NR,1200,
,11/12/2014,780,Local,NR,NR,1200,
,12/12/2014,950,Local,NR,NR,900,
,13/12/2014,800,Local,NR,NR,900,
,15/12/2014,600,Local,NR,NR,900,
,16/12/2014,1000,Local,NR,NR,850,
,17/12/2014,1200,Local,NR,NR,800,
,18/12/2014,1150,Local,NR,NR,800,
,19/12/2014,1300,Local,NR,NR,780,
,20/12/2014,1350,Local,NR,NR,780,
,22/12/2014,1450,Local,NR,NR,650,
,24/12/2014,1300,Local,NR,NR,680,
,26/12/2014,1400,Local,NR,NR,680,
,27/12/2014,1500,Local,NR,NR,660,
,29/12/2014,1450,Local,NR,NR,665,
,30/12/2014,1300,Local,NR,NR,665,
,31/12/2014,1550,Local,NR,NR,665,
Amroha,29/12/2014,40,F.A.Q.,NR,NR,540,
Anandnagar,01/12/2014,30,Potato,1750,1900,1825,
,02/12/2014,40,Potato,1750,1950,1850,
,03/12/2014,40,Potato,1450,1700,1600,
,04/12/2014,35,Potato,1250,1450,1350,
,05/12/2014,40,Potato,1200,1400,1350,
,06/12/2014,40,Potato,1200,1450,1300,
,09/12/2014,40,Potato,1150,1350,1250,
,11/12/2014,40,Potato,1100,1200,1150,
,12/12/2014,30,Potato,950,1100,1000,
,16/12/2014,45,Potato,850,950,900,
,17/12/2014,30,Other,800,900,875,
,18/12/2014,50,Potato,800,950,890,
,20/12/2014,40,Potato,800,950,850,
,21/12/2014,30,Potato,800,950,870,
,23/12/2014,35,Potato,800,950,880,
,24/12/2014,40,Potato,800,950,900,
,25/12/2014,30,Potato,800,960,890,
,27/12/2014,30,Potato,800,950,890,
,28/12/2014,30,Potato,800,950,890,
,31/12/2014,40,Potato,800,950,850,
Anoop Shahar,16/12/2014,134,F.A.Q.,840,880,860,
,29/12/2014,205,F.A.Q.,725,775,750,
Anwala,31/12/2014,3880,F.A.Q.,NR,NR,625,
Atarra,01/12/2014,12.5,Other,1850,2150,2025,
,02/12/2014,14,Other,1650,1900,1800,
,03/12/2014,12.5,Other,1650,1850,1780,
,04/12/2014,13.5,Other,1650,1840,1760,
,06/12/2014,14,Other,1475,1600,1550,
,07/12/2014,15,Other,1400,1500,1450,
,08/12/2014,16,Other,1350,1500,1450,
,09/12/2014,17.5,Other,1370,1450,1425,
,10/12/2014,19,Other,1350,1450,1400,
,20/12/2014,33.5,Other,800,875,850,
,21/12/2014,34.5,Other,800,860,850,
,22/12/2014,37,Other,800,850,825,
,23/12/2014,33.5,Other,790,875,850,
,24/12/2014,31,Other,780,875,860,
,25/12/2014,37.5,Other,750,825,790,
,27/12/2014,41.5,Other,770,815,790,
,28/12/2014,31,Other,750,850,800,
,29/12/2014,21,Other,750,850,825,
,30/12/2014,18,Other,725,850,800,
,31/12/2014,16,Other,700,820,780,
Atrauli,28/12/2014,50,Desi,1280,1320,1300,
Auraiya,01/12/2014,90,F.A.Q.,1110,1200,1150,
,02/12/2014,111,F.A.Q.,1050,1150,1100,
,03/12/2014,95,F.A.Q.,1100,1145,1120,
,04/12/2014,90,F.A.Q.,1090,1115,1105,
,05/12/2014,97,F.A.Q.,1050,1140,1100,
,06/12/2014,91,F.A.Q.,1050,1150,1100,
,08/12/2014,102.5,F.A.Q.,1050,1150,1100,
,09/12/2014,85,F.A.Q.,1050,1120,1090,
,10/12/2014,80,F.A.Q.,950,1025,1000,
,11/12/2014,95,F.A.Q.,850,950,900,
,12/12/2014,110,F.A.Q.,750,825,800,
,13/12/2014,91,F.A.Q.,750,795,775,
,15/12/2014,115,F.A.Q.,720,775,750,
,16/12/2014,130,F.A.Q.,750,785,765,
,17/12/2014,150,F.A.Q.,750,800,770,
,18/12/2014,145,F.A.Q.,705,800,755,
,19/12/2014,160,F.A.Q.,700,800,750,
,20/12/2014,165,F.A.Q.,705,795,755,
,22/12/2014,140,F.A.Q.,710,750,735,
,23/12/2014,150,F.A.Q.,700,750,720,
,24/12/2014,170,F.A.Q.,700,725,710,
,25/12/2014,180,F.A.Q.,680,720,700,
,26/12/2014,155,F.A.Q.,650,700,680,
,27/12/2014,162.5,F.A.Q.,655,695,675,
,29/12/2014,151,F.A.Q.,625,690,660,
,30/12/2014,160,F.A.Q.,550,625,600,
Azamgarh,01/12/2014,160,Other,1810,1820,1815,
,02/12/2014,170,Other,1680,1700,1690,
,04/12/2014,1800, ,NR,NR,NR,
,05/12/2014,200,Other,1280,1300,1290,
,08/12/2014,220,Other,1170,1180,1175,
,10/12/2014,250,Other,1150,1180,1160,
,11/12/2014,280,Other,1160,1180,1170,
,12/12/2014,300,Other,980,1000,990,
,15/12/2014,120,Other,940,950,945,
,16/12/2014,250,Other,930,950,940,
,17/12/2014,200,Other,915,925,920,
,18/12/2014,300,Other,890,900,900,
,19/12/2014,270,Other,880,890,890,
,22/12/2014,300,Other,760,790,770,
,23/12/2014,300,Other,780,790,780,
,24/12/2014,240,Other,765,775,770,
,25/12/2014,240,Other,755,775,765,
,26/12/2014,250,Other,770,780,775,
,27/12/2014,250,Other,790,900,900,
,29/12/2014,300,Other,740,750,750,
,30/12/2014,250,Other,760,775,770,
Baberu,01/12/2014,4,Other,1950,2050,2000,
,02/12/2014,5,Other,1750,1850,1800,
,04/12/2014,6,Other,1750,1850,1800,
,05/12/2014,3.5,Other,1650,1750,1700,
,06/12/2014,4,Other,1550,1650,1600,
,07/12/2014,3.5,Other,1550,1650,1600,
,08/12/2014,5,Other,1450,1550,1500,
,09/12/2014,4,Other,1450,1550,1475,
,11/12/2014,6,Other,1350,1450,1400,
,12/12/2014,3.5,Other,1300,1400,1350,
,13/12/2014,4,Other,1300,1400,1350,
,14/12/2014,6,Other,1300,1400,1350,
,15/12/2014,4,Other,1275,1400,1325,
,16/12/2014,5,Other,1150,1250,1200,
,18/12/2014,7,Other,1150,1250,1200,
,22/12/2014,6,Other,1100,1200,1150,
,26/12/2014,10,Other,750,850,800,
,27/12/2014,5,Other,750,800,775,
,28/12/2014,6,Other,750,800,775,
,29/12/2014,7,Other,650,750,700,
,30/12/2014,4,Other,650,750,700,
Badayoun,01/12/2014,500,Potato,1200,1300,1250,
,02/12/2014,480,Potato,1200,1300,1250,
,03/12/2014,500,Potato,1200,1300,1240,
,04/12/2014,555,Potato,1200,1280,1230,
,05/12/2014,600,Potato,1150,1250,1200,
,07/12/2014,600,Potato,1050,1150,1100,
,08/12/2014,850,Potato,930,1030,980,
,09/12/2014,800,Potato,900,1000,950,
,10/12/2014,900,Potato,880,980,920,
,11/12/2014,950,Potato,850,950,900,
,12/12/2014,1000,Potato,750,850,810,
,13/12/2014,800,Potato,750,850,800,
,14/12/2014,700,Potato,700,780,750,
,16/12/2014,600,Potato,650,750,700,
,17/12/2014,500,Potato,650,750,700,
,18/12/2014,400,Potato,650,750,710,
,19/12/2014,320,Potato,650,750,720,
,20/12/2014,300,Potato,650,750,730,
,22/12/2014,200,Potato,650,750,700,
,23/12/2014,150,Potato,650,750,700,
,24/12/2014,250,Potato,630,730,680,
,26/12/2014,280,Potato,620,720,670,
,27/12/2014,300,Potato,560,660,610,
,29/12/2014,320,Potato,550,650,600,
,30/12/2014,340,Potato,530,630,580,
,31/12/2014,350,Potato,500,600,550,
Bahedi,01/12/2014,2800,F.A.Q.,NR,NR,1400,
,31/12/2014,3230,F.A.Q.,NR,NR,625,
Bahraich,01/12/2014,80,Red,1620,1680,1650,
,02/12/2014,70,Red,1620,1660,1640,
,03/12/2014,80,Red,1570,1625,1600,
,05/12/2014,100,Red,1070,1125,1100,
,06/12/2014,98,Red,1080,1160,1120,
,08/12/2014,105,Red,1070,1125,1100,
,09/12/2014,100,Red,1070,1125,1100,
,10/12/2014,105,Red,1060,1100,1080,
,11/12/2014,120,Red,980,1025,1000,
,12/12/2014,126,Red,950,1000,980,
,13/12/2014,128,Red,940,980,960,
,15/12/2014,117,Red,890,915,900,
,16/12/2014,105,Red,1065,1100,1080,
,17/12/2014,98,Red,1100,1140,1120,
,18/12/2014,130,Red,900,940,920,
,19/12/2014,132,Red,865,900,880,
,20/12/2014,130,Red,840,880,860,
,22/12/2014,135,Red,820,880,850,
,23/12/2014,140,Red,840,880,860,
,24/12/2014,125,Red,850,890,875,
,25/12/2014,130,Red,845,875,860,
,26/12/2014,140,Red,770,825,800,
,27/12/2014,145,Red,780,820,800,
,29/12/2014,130,Red,750,790,770,
,30/12/2014,128,Red,760,800,780,
,31/12/2014,140,Red,680,730,700,
Ballia,01/12/2014,90,Desi,1650,1700,1675,
,02/12/2014,120,Desi,1575,1625,1600,
,03/12/2014,130,Desi,1400,1500,1450,
,04/12/2014,120,Desi,1300,1400,1350,
,05/12/2014,130,Desi,1325,1400,1350,
,06/12/2014,130,Desi,1200,1300,1250,
,08/12/2014,160,Desi,1175,1250,1200,
,09/12/2014,140,Desi,1175,1225,1200,
,10/12/2014,150,Desi,1175,1250,1200,
,11/12/2014,170,Desi,950,1025,1000,
,12/12/2014,160,Desi,900,1000,950,
,15/12/2014,150,Desi,825,875,850,
,16/12/2014,160,Desi,825,875,850,
,17/12/2014,120,Desi,875,925,900,
,18/12/2014,140,Desi,875,925,900,
,19/12/2014,160,Desi,850,900,875,
,20/12/2014,120,Desi,875,950,900,
,22/12/2014,110,Desi,850,900,875,
,23/12/2014,130,Desi,800,875,850,
,24/12/2014,130,Desi,800,900,850,
,25/12/2014,110,Desi,800,875,850,
,26/12/2014,120,Desi,750,820,800,
,27/12/2014,140,Desi,700,800,780,
,30/12/2014,130,Desi,750,800,775,
,31/12/2014,150,Desi,750,800,775,
Balrampur,01/12/2014,35,Other,1765,1800,1790,
,02/12/2014,48,Other,1620,1650,1640,
,03/12/2014,58,Other,1450,1480,1465,
,04/12/2014,67.5,Other,1400,1430,1420,
,05/12/2014,90,Other,1125,1165,1150,
,06/12/2014,89,Other,1100,1140,1125,
,08/12/2014,70,Other,1095,1125,1110,
,09/12/2014,65,Other,1080,1120,1100,
,10/12/2014,60,Other,1075,1105,1090,
,11/12/2014,70,Other,1035,1065,1050,
,12/12/2014,68,Other,1025,1050,1040,
,18/12/2014,90,Other,710,740,725,
,19/12/2014,98.5,Other,680,715,700,
,20/12/2014,102.5,Other,675,710,690,
,22/12/2014,98,Other,675,700,690,
,23/12/2014,90,Other,670,695,685,
,24/12/2014,92.5,Other,670,700,685,
,25/12/2014,85,Other,665,695,680,
,26/12/2014,92,Other,660,685,675,
,27/12/2014,90,Other,650,680,670,
Banda,01/12/2014,35,Desi,2000,2250,2100,
,03/12/2014,50,Desi,1700,1900,1800,
,04/12/2014,60,Desi,1550,1800,1650,
,05/12/2014,75,Desi,1550,1800,1650,
,06/12/2014,60,Desi,1450,1750,1575,
,08/12/2014,75,Desi,1450,1750,1575,
,10/12/2014,65,Desi,1500,1600,1575,
,11/12/2014,70,Desi,1490,1600,1520,
,12/12/2014,60,Desi,1490,1600,1520,
,15/12/2014,80,Desi,900,1180,1080,
,18/12/2014,85,Desi,1000,1100,1050,
,19/12/2014,80,Desi,900,1050,1000,
,22/12/2014,90,Desi,NR,NR,1050,
,26/12/2014,65,Desi,700,1000,800,
,28/12/2014,50,Desi,700,1000,800,
,29/12/2014,50,Desi,650,900,750,
Bangarmau,27/12/2014,799.2,Desi,NR,NR,600,
Banthara,31/12/2014,280,Potato,700,800,725,
Barabanki,01/12/2014,40,Potato,163,171,170,
,02/12/2014,75,Potato,165,170,169,
,03/12/2014,95,Potato,148,156.5,155,
,04/12/2014,98, ,NR,NR,NR,
,05/12/2014,96.5, ,NR,NR,NR,
,06/12/2014,101, ,NR,NR,NR,
,07/12/2014,98, ,NR,NR,NR,
,08/12/2014,100, ,NR,NR,NR,
,09/12/2014,101, ,NR,NR,NR,
,10/12/2014,102.5, ,NR,NR,NR,
,11/12/2014,95, ,NR,NR,NR,
,12/12/2014,98, ,NR,NR,NR,
,13/12/2014,92,Desi,880,930,920,
,14/12/2014,94,Desi,885,935,920,
,15/12/2014,95,Desi,785,830,800,
,16/12/2014,93,Desi,800,830,810,
,17/12/2014,102.5, ,NR,NR,NR,
,18/12/2014,105, ,NR,NR,NR,
,19/12/2014,104, ,NR,NR,NR,
,20/12/2014,104, ,NR,NR,NR,
,21/12/2014,100, ,NR,NR,NR,
,22/12/2014,101.5, ,NR,NR,NR,
,23/12/2014,102, ,NR,NR,NR,
,24/12/2014,1030, ,NR,NR,NR,
,25/12/2014,96, ,NR,NR,NR,
,26/12/2014,102, ,NR,NR,NR,
,27/12/2014,98, ,NR,NR,NR,
,29/12/2014,21,Potato,157,161,159,
,30/12/2014,90, ,NR,NR,NR,
,31/12/2014,92.5, ,NR,NR,NR,
Baraut,02/12/2014,45,Desi,1200,1400,1300,
,03/12/2014,30,Desi,1210,1410,1310,
,04/12/2014,40,Desi,1215,1400,1300,
,05/12/2014,46,Desi,1170,1320,1250,
,06/12/2014,50,Desi,1160,1315,1240,
,08/12/2014,60,Desi,925,1080,1000,
,09/12/2014,40,Desi,930,1100,1020,
,10/12/2014,50,Desi,900,1040,1010,
,11/12/2014,60,Desi,700,900,815,
,12/12/2014,55,Desi,700,900,810,
,13/12/2014,40,Desi,725,900,800,
,15/12/2014,50,Desi,740,880,790,
,16/12/2014,35,Desi,670,820,750,
,17/12/2014,40,Desi,730,850,760,
,19/12/2014,50,Desi,675,800,735,
,20/12/2014,40,Desi,680,810,730,
,22/12/2014,50,Desi,675,800,740,
,23/12/2014,60,Desi,680,800,750,
,24/12/2014,40,Desi,685,810,760,
,25/12/2014,65,Desi,630,800,720,
,26/12/2014,50,Desi,600,750,680,
,27/12/2014,80,Desi,625,750,675,
,29/12/2014,72,Desi,600,720,650,
,30/12/2014,80,Desi,625,700,640,
,31/12/2014,60,Desi,560,710,635,
Bareilly,01/12/2014,298,F.A.Q.,NR,NR,1000,
,02/12/2014,268,F.A.Q.,NR,NR,900,
,03/12/2014,257,F.A.Q.,NR,NR,900,
,04/12/2014,239,F.A.Q.,NR,NR,925,
,05/12/2014,240,F.A.Q.,NR,NR,925,
,07/12/2014,315,F.A.Q.,NR,NR,900,
,08/12/2014,324,F.A.Q.,NR,NR,850,
,09/12/2014,335,F.A.Q.,NR,NR,790,
,10/12/2014,286,F.A.Q.,NR,NR,750,
,11/12/2014,321,F.A.Q.,NR,NR,710,
,12/12/2014,334,F.A.Q.,NR,NR,700,
,13/12/2014,316,F.A.Q.,NR,NR,700,
,14/12/2014,288,F.A.Q.,NR,NR,750,
,15/12/2014,265,F.A.Q.,NR,NR,750,
,16/12/2014,273,F.A.Q.,NR,NR,725,
,17/12/2014,281,F.A.Q.,NR,NR,700,
,18/12/2014,295,F.A.Q.,NR,NR,650,
,19/12/2014,267,F.A.Q.,NR,NR,650,
,20/12/2014,275,F.A.Q.,NR,NR,625,
,21/12/2014,200,F.A.Q.,NR,NR,625,
,22/12/2014,189,F.A.Q.,NR,NR,630,
,23/12/2014,246,F.A.Q.,NR,NR,625,
,24/12/2014,230,F.A.Q.,NR,NR,625,
,25/12/2014,210,F.A.Q.,NR,NR,650,
,26/12/2014,245,F.A.Q.,NR,NR,635,
,27/12/2014,212,F.A.Q.,NR,NR,625,
,28/12/2014,185,F.A.Q.,NR,NR,635,
,29/12/2014,218,F.A.Q.,NR,NR,625,
,30/12/2014,196,F.A.Q.,NR,NR,620,
Basti,01/12/2014,95,Potato,1500,1700,1600,
,02/12/2014,110,Potato,1450,1600,1525,
,03/12/2014,125,Potato,1400,1600,1525,
,04/12/2014,136,Potato,1200,1400,1300,
,05/12/2014,140,Potato,1175,1300,1250,
,06/12/2014,116,Potato,1200,1300,1250,
,07/12/2014,105,Other,1100,1200,1150,
,08/12/2014,126,Potato,1000,1125,1060,
,09/12/2014,140,Potato,1000,1100,1050,
,10/12/2014,120,Potato,1000,1100,1050,
,11/12/2014,116,Potato,1000,1120,1050,
,12/12/2014,130,Potato,850,950,900,
,13/12/2014,145,Potato,750,900,800,
,14/12/2014,170,Potato,750,850,800,
,15/12/2014,150,Potato,850,950,900,
,16/12/2014,165,Potato,850,950,900,
,17/12/2014,140,Potato,750,900,800,
,18/12/2014,176,Potato,750,900,800,
,19/12/2014,155,Potato,750,900,800,
,20/12/2014,160,Potato,700,800,750,
,21/12/2014,145,Potato,700,800,750,
,22/12/2014,130,Potato,700,825,760,
,23/12/2014,140,Potato,700,825,760,
,24/12/2014,120,Potato,700,800,750,
,26/12/2014,135,Potato,700,800,750,
,27/12/2014,270,Potato,700,800,750,
,28/12/2014,165,Potato,700,825,760,
,29/12/2014,150,Potato,700,825,760,
,30/12/2014,147.5,Potato,700,825,760,
Bewar,29/12/2014,340,Potato,600,720,680,
Bharthna,01/12/2014,70,Desi,1350,1600,1500,
,02/12/2014,80,Desi,1200,1400,1300,
,03/12/2014,90,Desi,1150,1300,1250,
,04/12/2014,100,Desi,1000,1300,1200,
,05/12/2014,120,Desi,1000,1200,1100,
,06/12/2014,125,Desi,1000,1100,1040,
,08/12/2014,130,Desi,900,1100,1000,
,09/12/2014,127,Desi,850,1050,950,
,10/12/2014,140,Desi,800,1050,925,
,11/12/2014,150,Desi,800,950,850,
,12/12/2014,160,Desi,680,850,790,
,13/12/2014,120,Desi,700,850,750,
,15/12/2014,100,Desi,700,850,760,
,16/12/2014,120,Desi,600,800,700,
,17/12/2014,110,Desi,625,800,710,
,18/12/2014,100,Desi,700,850,775,
,19/12/2014,90,Desi,700,900,800,
,20/12/2014,75,Desi,750,900,810,
,22/12/2014,90,Desi,650,850,775,
,23/12/2014,100,Desi,650,750,700,
,24/12/2014,120,Desi,600,750,650,
,25/12/2014,130,Desi,500,650,600,
,26/12/2014,100,Desi,550,700,610,
,27/12/2014,120,Desi,500,700,600,
,29/12/2014,80,Desi,520,670,600,
,30/12/2014,95,Desi,550,700,620,
,31/12/2014,100,Desi,520,670,600,
Bharuasumerpur,29/12/2014,7,Other,625,700,650,
,30/12/2014,15,Other,600,680,650,
,31/12/2014,3,Other,650,710,675,
Bharwari,02/12/2014,11.5,Other,NR,NR,1860,
,03/12/2014,21,Other,NR,NR,1850,
,04/12/2014,17.5,Other,NR,NR,1770,
,05/12/2014,18.5,Other,NR,NR,1690,
,06/12/2014,19.5,Other,NR,NR,1600,
,07/12/2014,12,Other,NR,NR,1500,
,09/12/2014,14,Other,NR,NR,1390,
,10/12/2014,25,Other,NR,NR,1300,
,11/12/2014,17.5,Other,NR,NR,1260,
,12/12/2014,18.5,Other,NR,NR,1250,
,13/12/2014,23,Other,NR,NR,1190,
,14/12/2014,15,Other,NR,NR,1100,
,16/12/2014,22,Other,NR,NR,980,
,17/12/2014,24.5,Other,NR,NR,800,
,18/12/2014,21.5,Other,NR,NR,800,
,19/12/2014,23,Other,NR,NR,750,
,20/12/2014,26,Other,NR,NR,700,
,21/12/2014,18,Other,NR,NR,700,
,23/12/2014,21,Other,NR,NR,710,
,24/12/2014,28.5,Other,NR,NR,720,
,25/12/2014,26,Other,NR,NR,700,
,26/12/2014,25,Other,NR,NR,675,
,27/12/2014,27,Other,NR,NR,650,
,28/12/2014,24,Other,NR,NR,650,
,30/12/2014,23,Other,NR,NR,650,
,31/12/2014,28,Other,NR,NR,655,
Bijnaur,01/12/2014,6,Desi,1150,1420,1400,
,02/12/2014,8.5,Desi,1100,1200,1150,
,03/12/2014,11,Desi,1000,1100,1050,
,04/12/2014,12,Desi,980,1060,1030,
,05/12/2014,13.5,Desi,900,1020,980,
,06/12/2014,12.5,Desi,900,1020,975,
,07/12/2014,11.5,Desi,900,1000,980,
,08/12/2014,11,Desi,850,1000,980,
,09/12/2014,8,Desi,850,950,900,
,10/12/2014,6,Desi,825,975,900,
,12/12/2014,7.5,Desi,700,800,750,
,13/12/2014,5,Desi,700,850,750,
,14/12/2014,6,Desi,720,900,750,
,15/12/2014,4.5,Desi,700,900,750,
,16/12/2014,3,Desi,750,850,800,
,17/12/2014,4,Desi,675,800,780,
,18/12/2014,3.5,Desi,650,725,700,
,19/12/2014,4,Desi,625,700,675,
,20/12/2014,5,Potato,600,675,660,
,22/12/2014,5.5,Desi,600,650,625,
,23/12/2014,6,Desi,550,700,620,
,24/12/2014,5,Desi,550,660,620,
,25/12/2014,4.5,Desi,550,650,620,
,26/12/2014,6,Desi,550,650,620,
,27/12/2014,4,Desi,550,700,625,
,28/12/2014,4.5,Desi,550,650,600,
,30/12/2014,5.5,Desi,550,650,600,
Bindki,01/12/2014,15.5,F.A.Q.,1980,2020,2000,
,02/12/2014,16,F.A.Q.,1950,2000,1980,
,03/12/2014,18.5,F.A.Q.,1750,1800,1780,
,04/12/2014,20,F.A.Q.,1640,1680,1660,
,05/12/2014,22,F.A.Q.,1550,1600,1580,
,07/12/2014,23,F.A.Q.,1470,1500,1490,
,08/12/2014,24,F.A.Q.,1380,1420,1400,
,09/12/2014,30,F.A.Q.,1200,1270,1250,
,10/12/2014,32,F.A.Q.,920,970,950,
,11/12/2014,35,F.A.Q.,900,950,930,
,12/12/2014,40,F.A.Q.,800,840,820,
,14/12/2014,41,F.A.Q.,750,800,780,
,15/12/2014,43,F.A.Q.,700,770,750,
,16/12/2014,44,F.A.Q.,720,750,740,
,17/12/2014,45,F.A.Q.,700,750,730,
,18/12/2014,50,F.A.Q.,680,720,700,
,19/12/2014,48,F.A.Q.,700,720,710,
,21/12/2014,47.5,F.A.Q.,700,750,730,
,22/12/2014,47,F.A.Q.,730,770,750,
,23/12/2014,48,F.A.Q.,720,750,745,
,24/12/2014,50,F.A.Q.,700,750,730,
,25/12/2014,51,F.A.Q.,720,730,725,
,26/12/2014,55,F.A.Q.,700,750,720,
,28/12/2014,56, ,NR,NR,NR,
,29/12/2014,57.5,F.A.Q.,630,670,650,
,30/12/2014,58,F.A.Q.,530,570,550,
,31/12/2014,58.5,F.A.Q.,500,550,520,
Buland Shahr,02/12/2014,50,Desi,1000,1400,1260,
,03/12/2014,45,Desi,1000,1400,1250,
,04/12/2014,48,Desi,1000,1350,1200,
,05/12/2014,50,Desi,1000,1350,1210,
,06/12/2014,46,Desi,1000,1350,1215,
,08/12/2014,49,Desi,1000,1300,1200,
,09/12/2014,56,Desi,1000,1300,1200,
,10/12/2014,61,Desi,900,1200,1050,
,11/12/2014,63,Desi,900,1200,1030,
,16/12/2014,70,Desi,900,1200,1000,
,17/12/2014,65,Desi,850,1000,950,
,18/12/2014,70,Desi,850,1000,930,
,19/12/2014,65,Desi,800,1000,925,
,20/12/2014,68,Desi,800,1000,900,
,22/12/2014,70,Desi,800,1000,900,
,23/12/2014,65,Desi,800,1000,860,
,24/12/2014,70,Desi,800,1000,850,
,25/12/2014,70,Desi,800,1000,845,
,26/12/2014,75,Desi,750,900,800,
,27/12/2014,80,Desi,650,850,750,
,29/12/2014,85,Desi,640,850,740,
,30/12/2014,83,Desi,640,850,700,
,31/12/2014,80,Desi,640,850,725,
Chaandpur,30/12/2014,135,Desi,525,625,600,
Chandoli,01/12/2014,35,F.A.Q.,1700,1750,1730,
,03/12/2014,30,F.A.Q.,1460,1525,1515,
,04/12/2014,27.5,F.A.Q.,1280,1320,1300,
,05/12/2014,25,F.A.Q.,1200,1270,1250,
,06/12/2014,22.5,F.A.Q.,1200,1250,1220,
,07/12/2014,25,F.A.Q.,1200,1230,1210,
,08/12/2014,30,F.A.Q.,1180,1220,1200,
,10/12/2014,35,F.A.Q.,1200,1245,1215,
,11/12/2014,40,F.A.Q.,1000,1030,1020,
,12/12/2014,37.5,F.A.Q.,890,950,945,
,13/12/2014,35,F.A.Q.,875,920,900,
,14/12/2014,40,F.A.Q.,835,870,850,
,15/12/2014,42.5,F.A.Q.,835,865,840,
,17/12/2014,40,F.A.Q.,840,875,850,
,18/12/2014,37,F.A.Q.,845,875,860,
,19/12/2014,35,F.A.Q.,835,875,850,
,20/12/2014,40,F.A.Q.,840,870,860,
,21/12/2014,35,F.A.Q.,830,880,850,
,22/12/2014,45,F.A.Q.,830,880,850,
,24/12/2014,40,F.A.Q.,765,800,775,
,25/12/2014,37.5,F.A.Q.,770,800,780,
,26/12/2014,35,F.A.Q.,770,800,780,
,27/12/2014,40,F.A.Q.,770,810,785,
,28/12/2014,35,F.A.Q.,775,820,790,
,29/12/2014,37.5,F.A.Q.,780,810,790,
,31/12/2014,40,F.A.Q.,720,770,750,
Charra,26/12/2014,1000,Desi,660,700,690,
,28/12/2014,1000,Desi,630,700,690,
Chhibramau(Kannuj),01/12/2014,500,Local,1100,1400,1250,
,02/12/2014,750,Local,1000,1200,1100,
,03/12/2014,800,Local,1000,1200,1100,
,05/12/2014,840,Local,900,1200,1050,
,06/12/2014,860,Local,900,1200,1050,
,07/12/2014,930,Local,900,1200,1050,
,08/12/2014,960,Local,900,1100,1000,
,09/12/2014,1150, ,NR,NR,NR,
,10/12/2014,1520,Local,900,1000,960,
,12/12/2014,2050,Local,800,950,880,
,13/12/2014,2460,Local,770,900,840,
,16/12/2014,2500,Local,650,780,710,
,17/12/2014,2180,Local,650,800,720,
,19/12/2014,1950,Local,600,800,700,
,20/12/2014,1820,Local,650,790,715,
,21/12/2014,2150,Local,630,800,715,
,22/12/2014,1900,Local,650,800,725,
,23/12/2014,2100,Local,700,770,735,
,24/12/2014,2250,Local,700,780,740,
,26/12/2014,2050,Local,650,760,705,
,27/12/2014,2100,Local,600,750,680,
,28/12/2014,2300,Local,600,700,650,
,29/12/2014,2200,Local,550,700,625,
,30/12/2014,1800,Local,600,680,640,
,31/12/2014,2000,Local,600,700,650,
Chitwadagaon,17/12/2014,140,Red,850,900,870,
,27/12/2014,160,Red,750,800,775,
Chorichora,01/12/2014,18,Potato,1700,1780,1750,
,02/12/2014,20,Potato,1700,1750,1725,
,03/12/2014,20,Potato,1550,1620,1600,
,04/12/2014,28,Potato,1350,1440,1405,
,05/12/2014,30,Potato,1200,1300,1250,
,06/12/2014,29,Potato,1150,1225,1200,
,08/12/2014,30,Potato,1050,1125,1100,
,09/12/2014,25,Potato,1050,1150,1110,
,10/12/2014,27,Potato,950,1020,1000,
,11/12/2014,20,Potato,900,965,940,
,12/12/2014,25,Potato,800,860,840,
,13/12/2014,30,Potato,700,790,760,
,15/12/2014,25,Potato,700,750,725,
,16/12/2014,15,Potato,800,925,880,
,17/12/2014,20,Potato,760,850,800,
,18/12/2014,25,Potato,700,800,750,
,19/12/2014,20,Potato,750,800,770,
,20/12/2014,30,Potato,700,750,725,
,22/12/2014,25,Potato,660,750,700,
,23/12/2014,22.5,Potato,750,800,780,
,24/12/2014,20,Potato,800,850,830,
,25/12/2014,18,Potato,800,900,850,
Choubepur,05/12/2014,30,Desi,NR,NR,1100,
,12/12/2014,35,Desi,NR,NR,1000,
,19/12/2014,40,Desi,NR,NR,800,
,26/12/2014,50,Other,NR,NR,700,
Chutmalpur,15/12/2014,6,Desi,800,1180,1000,
Dadri,02/12/2014,35,Other,1150,1400,1300,
,04/12/2014,46,Other,1000,1250,1150,
,05/12/2014,60,Other,900,1150,1040,
,06/12/2014,50,Other,920,1180,1050,
,07/12/2014,60,Other,860,1050,960,
,08/12/2014,65,Other,850,1050,920,
,09/12/2014,70,Other,820,1040,900,
,11/12/2014,56,Other,800,950,860,
,12/12/2014,74,Other,750,900,830,
,13/12/2014,78,Potato,NR,NR,820,
,14/12/2014,75,Potato,NR,NR,800,
,15/12/2014,80,Potato,NR,NR,780,
,16/12/2014,85,Potato,NR,NR,750,
,18/12/2014,65,F.A.Q.,700,850,780,
,19/12/2014,60,F.A.Q.,720,850,790,
,20/12/2014,68,F.A.Q.,700,840,785,
,21/12/2014,85,F.A.Q.,690,820,750,
,22/12/2014,70,F.A.Q.,700,830,760,
,23/12/2014,55,F.A.Q.,710,840,765,
,25/12/2014,64,F.A.Q.,680,800,740,
,26/12/2014,65,F.A.Q.,660,780,730,
,27/12/2014,68,F.A.Q.,640,760,700,
,28/12/2014,70,F.A.Q.,620,750,680,
,29/12/2014,75,F.A.Q.,620,730,675,
,30/12/2014,65,F.A.Q.,625,740,680,
Devariya,01/12/2014,170,Red,1540,1560,1550,
,02/12/2014,150,Red,1465,1485,1475,
,03/12/2014,140,Red,1300,1320,1310,
,04/12/2014,180,Red,1290,1310,1300,
,06/12/2014,150,Red,1290,1310,1300,
,08/12/2014,160,Red,1280,1300,1290,
,09/12/2014,180,Potato,1200,1300,1255,
,10/12/2014,200,Potato,1060,1125,1100,
,11/12/2014,180,Potato,1000,1100,1050,
,12/12/2014,180,Potato,900,980,940,
,13/12/2014,180,Potato,900,1000,950,
,15/12/2014,200,Potato,860,950,910,
,16/12/2014,185,Potato,880,950,900,
,17/12/2014,200,Potato,800,850,825,
,18/12/2014,210,Potato,800,900,870,
,19/12/2014,220,Potato,800,900,875,
,20/12/2014,200,Potato,800,900,870,
,22/12/2014,210,Potato,800,900,850,
,23/12/2014,80,Potato,800,900,845,
,24/12/2014,200,Potato,800,900,840,
,25/12/2014,210,Potato,800,900,845,
Dhanura,27/12/2014,50,Desi,NR,NR,600,
Dibiapur,01/12/2014,25,F.A.Q.,NR,NR,1500,
,03/12/2014,26,F.A.Q.,NR,NR,1400,
,04/12/2014,30,F.A.Q.,NR,NR,1100,
,05/12/2014,40,F.A.Q.,1100,1200,1150,
,07/12/2014,25,F.A.Q.,1100,1180,1150,
,08/12/2014,30,F.A.Q.,1050,1150,1100,
,10/12/2014,30,F.A.Q.,1150,1240,1200,
,11/12/2014,40,F.A.Q.,1090,1150,1100,
,14/12/2014,32,F.A.Q.,NR,NR,800,
,15/12/2014,40,F.A.Q.,780,810,800,
,17/12/2014,50,F.A.Q.,750,800,780,
,18/12/2014,60,F.A.Q.,700,780,720,
,19/12/2014,30,F.A.Q.,700,760,750,
,20/12/2014,30,F.A.Q.,700,800,750,
,21/12/2014,30,F.A.Q.,700,780,740,
,22/12/2014,50,F.A.Q.,700,800,750,
,24/12/2014,40,F.A.Q.,700,760,730,
,25/12/2014,32,F.A.Q.,700,740,710,
,26/12/2014,30,F.A.Q.,690,720,700,
,27/12/2014,30,F.A.Q.,700,750,720,
,28/12/2014,32,F.A.Q.,650,700,680,
,29/12/2014,30,F.A.Q.,650,700,680,
Divai,02/12/2014,3,F.A.Q.,1350,1400,1375,
,03/12/2014,2,F.A.Q.,1350,1400,1375,
,04/12/2014,4,F.A.Q.,1225,1275,1250,
,05/12/2014,4,F.A.Q.,1125,1175,1150,
,06/12/2014,5,F.A.Q.,925,975,950,
,07/12/2014,4,F.A.Q.,875,925,900,
,08/12/2014,3.5,F.A.Q.,825,875,850,
,09/12/2014,5,F.A.Q.,825,875,850,
,10/12/2014,3,F.A.Q.,825,875,850,
,11/12/2014,13,F.A.Q.,800,850,825,
,12/12/2014,14,F.A.Q.,750,800,775,
,13/12/2014,8,F.A.Q.,725,775,750,
,14/12/2014,13,F.A.Q.,800,850,825,
,15/12/2014,14,F.A.Q.,825,875,850,
,16/12/2014,16,F.A.Q.,850,900,875,
,17/12/2014,4,F.A.Q.,850,900,875,
,18/12/2014,12,F.A.Q.,850,900,875,
,19/12/2014,13,F.A.Q.,850,900,875,
,20/12/2014,15,F.A.Q.,850,900,875,
,21/12/2014,16,F.A.Q.,800,850,825,
,22/12/2014,17,F.A.Q.,800,850,825,
,23/12/2014,16,F.A.Q.,800,850,825,
,24/12/2014,4,F.A.Q.,800,850,825,
,25/12/2014,15,F.A.Q.,775,825,800,
,26/12/2014,17,F.A.Q.,780,820,800,
,27/12/2014,18,F.A.Q.,725,775,750,
,28/12/2014,19,F.A.Q.,725,775,750,
,29/12/2014,21,F.A.Q.,700,750,725,
,31/12/2014,4,F.A.Q.,675,725,700,
Dudhi,27/12/2014,27.5,Other,NR,NR,800,
Etah,05/12/2014,72,Desi,1180,1220,1200,
,06/12/2014,90,Desi,1140,1170,1150,
,07/12/2014,94,Desi,1050,1090,1070,
,08/12/2014,98,Desi,940,990,960,
,10/12/2014,100,Desi,940,970,950,
,11/12/2014,105,Desi,920,950,940,
,12/12/2014,110,Desi,900,940,920,
,13/12/2014,100,Desi,880,920,900,
,17/12/2014,120,Desi,780,820,800,
,18/12/2014,130,Desi,750,790,770,
,19/12/2014,110,Desi,720,760,740,
,20/12/2014,100,Desi,700,750,720,
,21/12/2014,110,Desi,700,730,710,
,22/12/2014,120,Desi,690,710,700,
,24/12/2014,110,Desi,710,740,720,
,25/12/2014,100,Desi,690,730,710,
,26/12/2014,120,Desi,680,720,700,
,27/12/2014,110,Desi,700,730,710,
,28/12/2014,100,Desi,680,720,700,
,29/12/2014,120,Desi,670,710,690,
,31/12/2014,130,Desi,670,700,680,
Etawah,01/12/2014,650,Desi,1300,1500,1400,
,02/12/2014,1000,Desi,1000,1350,1200,
,03/12/2014,1200,Desi,950,1150,1100,
,04/12/2014,1300,Desi,900,1100,1000,
,05/12/2014,950,Desi,900,1150,1050,
,06/12/2014,960,Desi,900,1100,1000,
,08/12/2014,750,Desi,900,1100,1050,
,09/12/2014,800,Desi,900,1060,950,
,10/12/2014,820,Desi,800,1000,900,
,11/12/2014,900,Desi,700,900,800,
,12/12/2014,1000,Desi,600,800,700,
,13/12/2014,1100,Desi,600,780,680,
,15/12/2014,700,Desi,650,800,700,
,16/12/2014,800,Desi,600,750,650,
,17/12/2014,700,Desi,700,870,800,
,18/12/2014,600,Desi,700,870,800,
,19/12/2014,900,Desi,740,880,790,
,20/12/2014,950,Desi,700,900,800,
,22/12/2014,1100,Desi,650,850,750,
,23/12/2014,1120,Desi,600,800,700,
,24/12/2014,900,Desi,700,800,740,
,25/12/2014,1000,Desi,600,720,680,
,26/12/2014,1050,Desi,500,670,600,
,27/12/2014,950,Desi,500,680,600,
,29/12/2014,1000,Desi,520,670,590,
,30/12/2014,960,Desi,500,700,600,
,31/12/2014,980,Desi,510,670,580,
Faizabad,01/12/2014,165,Other,1600,1635,1625,
,02/12/2014,210,Other,1580,1625,1600,
,03/12/2014,227.5,Other,1180,1230,1200,
,05/12/2014,190,Other,1140,1170,1150,
,06/12/2014,175,Other,1100,1130,1120,
,07/12/2014,145, ,NR,NR,NR,
,08/12/2014,135, ,NR,NR,NR,
,09/12/2014,95,Other,1080,1120,1100,
,10/12/2014,187.5, ,NR,NR,NR,
,11/12/2014,205,Other,975,1000,985,
,12/12/2014,225.5,Other,950,1010,985,
,13/12/2014,235,Other,960,985,970,
,14/12/2014,208,Other,960,985,970,
,15/12/2014,210,Other,960,980,970,
,16/12/2014,246,Other,900,985,940,
,17/12/2014,235,Other,920,945,930,
,18/12/2014,175,Other,925,950,935,
,19/12/2014,185.5,Other,920,945,930,
,20/12/2014,206.5,Other,900,950,925,
,21/12/2014,168,Other,870,890,880,
,22/12/2014,154,Other,865,885,875,
,23/12/2014,215,Other,800,830,820,
,24/12/2014,69,Other,800,830,820,
,25/12/2014,217.5,Other,725,760,750,
,26/12/2014,210,Other,775,795,785,
,27/12/2014,195,Other,700,735,725,
,28/12/2014,200,Other,730,755,740,
,29/12/2014,195,Other,700,735,725,
,30/12/2014,204,Other,690,720,700,
,31/12/2014,205,Other,700,720,710,
Farukhabad,01/12/2014,950,Local,NR,NR,1100,
,02/12/2014,1250,Local,NR,NR,1000,
,03/12/2014,1560,Local,NR,NR,991,
,04/12/2014,2280,Local,NR,NR,981,
,05/12/2014,2950,Local,NR,NR,961,
,06/12/2014,3430,Local,NR,NR,911,
,08/12/2014,3800,Local,NR,NR,831,
,09/12/2014,4000,Local,NR,NR,701,
,10/12/2014,4500,Local,NR,NR,515,
,12/12/2014,4550,Local,NR,NR,501,
,13/12/2014,3500,Local,NR,NR,601,
,15/12/2014,3250,Local,NR,NR,611,
,16/12/2014,3600,Local,NR,NR,551,
,17/12/2014,3800,Local,NR,NR,525,
,18/12/2014,3950,Local,NR,NR,521,
,19/12/2014,3800,Local,NR,NR,531,
,20/12/2014,3450,Local,NR,NR,685,
,22/12/2014,3960,Local,NR,NR,571,
,24/12/2014,3980,Local,NR,NR,571,
,25/12/2014,4150,Local,NR,NR,471,
,26/12/2014,4260,Local,NR,NR,471,
,27/12/2014,4100,Local,NR,NR,475,
,29/12/2014,3980,Local,NR,NR,491,
,30/12/2014,3800,Local,NR,NR,501,
,31/12/2014,3250,Local,NR,NR,511,
Fatehabad,30/12/2014,380,Other,550,650,600,
Fatehpur,01/12/2014,40,Desi,NR,NR,1800,
,02/12/2014,60,Desi,NR,NR,1550,
,03/12/2014,40,Desi,NR,NR,1500,
,05/12/2014,50,Desi,1200,1450,1300,
,06/12/2014,40,Desi,1100,1300,1200,
,07/12/2014,30,Desi,NR,NR,1160,
,08/12/2014,20,Desi,NR,NR,1100,
,09/12/2014,10, ,NR,NR,NR,
,10/12/2014,15, ,NR,NR,NR,
,12/12/2014,60,Desi,NR,NR,900,
,13/12/2014,70,Desi,NR,NR,890,
,14/12/2014,90,Desi,NR,NR,880,
,15/12/2014,75,Desi,NR,NR,800,
,16/12/2014,80,Desi,NR,NR,810,
,17/12/2014,90,Desi,NR,NR,790,
,19/12/2014,120,Desi,NR,NR,800,
,20/12/2014,110,Desi,NR,NR,795,
,21/12/2014,130,Desi,NR,NR,700,
,22/12/2014,120,Desi,NR,NR,600,
,23/12/2014,130,Desi,NR,NR,610,
,24/12/2014,140,Desi,NR,NR,615,
,26/12/2014,155,Desi,NR,NR,600,
,28/12/2014,120,Desi,NR,NR,600,
,30/12/2014,120,Desi,NR,NR,600,
,31/12/2014,130,Desi,NR,NR,610,
Fatehpur Sikri,29/12/2014,500,Other,600,800,700,
Firozabad,01/12/2014,680,Local,1700,1760,1730,
,02/12/2014,760,Local,1200,1400,1300,
,03/12/2014,720,Local,1300,1380,1340,
,04/12/2014,725,Local,1280,1360,1320,
,05/12/2014,744,Local,1250,1350,1300,
,06/12/2014,765,Local,1180,1260,1220,
,07/12/2014,802,Local,1100,1220,1160,
,08/12/2014,802,Local,1130,1190,1160,
,09/12/2014,825,Local,950,1080,1020,
,10/12/2014,844,Local,840,920,880,
,11/12/2014,760,Local,850,950,900,
,12/12/2014,780,Local,800,950,870,
,13/12/2014,760,Local,860,940,900,
,14/12/2014,754,Local,880,960,920,
,16/12/2014,766,Local,750,860,820,
,17/12/2014,784,Local,800,860,830,
,18/12/2014,788,Local,750,850,800,
,19/12/2014,804,Local,700,800,750,
,20/12/2014,825,Local,700,760,720,
,21/12/2014,845,Local,650,760,710,
,22/12/2014,854,Local,650,750,700,
,23/12/2014,846,Local,650,760,710,
,24/12/2014,825,Local,670,780,720,
,25/12/2014,768,Local,700,750,730,
,26/12/2014,782,Local,680,750,720,
,27/12/2014,648,Local,700,760,730,
,28/12/2014,654,Local,580,650,610,
,29/12/2014,688,Local,540,620,580,
,30/12/2014,654,Local,550,650,600,
,31/12/2014,644,Local,580,650,620,
Gadaura,30/12/2014,35,Red,750,810,780,
Gazipur,01/12/2014,51,Red,1640,1660,1650,
,02/12/2014,52,Red,1615,1645,1630,
,03/12/2014,55,Red,1340,1360,1350,
,04/12/2014,58,Red,1185,1215,1200,
,05/12/2014,60,Red,1190,1210,1200,
,06/12/2014,70,Red,1085,1115,1100,
,08/12/2014,80,Red,1040,1060,1050,
,09/12/2014,90,Red,1035,1065,1050,
,10/12/2014,100,Red,1040,1060,1050,
,11/12/2014,110,Red,1005,1035,1020,
,12/12/2014,115,Red,970,990,980,
,13/12/2014,120,Red,970,990,980,
,15/12/2014,130,Red,950,990,970,
,16/12/2014,140,Red,950,990,970,
,17/12/2014,142,Red,955,985,970,
,18/12/2014,147,Red,950,970,960,
,19/12/2014,170,Red,885,915,900,
,20/12/2014,170,Red,885,915,900,
,22/12/2014,180,Red,840,860,850,
,23/12/2014,81.5,Red,835,865,850,
,24/12/2014,183,Red,840,860,850,
,25/12/2014,183.5,Red,840,860,850,
,26/12/2014,190,Red,790,810,800,
,27/12/2014,200,Red,790,810,800,
,29/12/2014,210,Red,790,810,800,
,30/12/2014,220,Red,785,815,800,
,31/12/2014,222,Red,740,760,750,
Ghaziabad,01/12/2014,210,Potato,NR,NR,1300,
,03/12/2014,250,Potato,NR,NR,1200,
,10/12/2014,180,Potato,NR,NR,900,
,11/12/2014,240,Other,NR,NR,850,
,12/12/2014,250,Other,NR,NR,800,
,13/12/2014,230,Potato,NR,NR,800,
,14/12/2014,230,Potato,NR,NR,800,
,15/12/2014,240,Potato,NR,NR,750,
,17/12/2014,240,Other,NR,NR,850,
,18/12/2014,260,Potato,NR,NR,840,
,19/12/2014,170,Potato,NR,NR,850,
,20/12/2014,230,Potato,NR,NR,860,
,21/12/2014,260,Potato,NR,NR,850,
,22/12/2014,210,Potato,NR,NR,840,
,24/12/2014,240,Potato,NR,NR,800,
,25/12/2014,260,Potato,NR,NR,800,
,26/12/2014,240,Potato,NR,NR,800,
,27/12/2014,260,Potato,NR,NR,760,
,28/12/2014,300,Potato,NR,NR,750,
,29/12/2014,240,Potato,NR,NR,750,
,31/12/2014,260,Potato,NR,NR,740,
Ghiraur,29/12/2014,360,Local,600,700,650,
Golagokarnath,26/12/2014,5,Other,680,750,725,
Gonda,01/12/2014,100,Desi,1500,1600,1550,
,02/12/2014,1200,Desi,1375,1425,1400,
,03/12/2014,1500,Desi,1120,1225,1200,
,04/12/2014,900,Desi,1175,1225,1200,
,05/12/2014,120,Desi,1075,1125,1100,
,06/12/2014,130,Desi,1085,1125,1100,
,08/12/2014,140,Desi,1080,1120,1100,
,09/12/2014,127.5,Desi,1085,1125,1100,
,10/12/2014,1190,Desi,1100,1150,1120,
,11/12/2014,1300,Desi,980,1015,1000,
,12/12/2014,1500,Desi,775,825,800,
,15/12/2014,140,Desi,585,620,600,
,16/12/2014,136,Desi,550,650,600,
,18/12/2014,1500,Desi,685,715,700,
,19/12/2014,1450,Desi,680,715,700,
,20/12/2014,1390,Desi,680,720,700,
,22/12/2014,1450,Desi,675,725,700,
,24/12/2014,1560,Desi,630,670,650,
,25/12/2014,143,Desi,600,750,680,
,26/12/2014,150,Desi,650,750,700,
,27/12/2014,128,Desi,650,750,700,
,29/12/2014,144,Desi,700,740,715,
,30/12/2014,123,Desi,700,750,715,
,31/12/2014,120,Desi,700,750,715,
Gorakhpur,01/12/2014,200,Potato,1640,1800,1720,
,03/12/2014,220,Potato,1400,1600,1520,
,04/12/2014,228,Potato,1320,1470,1400,
,05/12/2014,240,Potato,NR,NR,1330,
,06/12/2014,258,Potato,1180,1400,1280,
,08/12/2014,270,Potato,1100,1250,1180,
,10/12/2014,285,Potato,1050,1200,1100,
,12/12/2014,298,Potato,885,1050,985,
,13/12/2014,295,Potato,NR,NR,950,
,14/12/2014,300,Potato,850,1050,960,
,15/12/2014,320,Potato,NR,NR,920,
,17/12/2014,335,Potato,750,1000,880,
,18/12/2014,340,Potato,720,900,820,
,19/12/2014,350,Potato,700,900,800,
,20/12/2014,355,Potato,700,850,780,
,22/12/2014,345,Potato,700,900,810,
,24/12/2014,360,Potato,700,850,770,
,27/12/2014,340,Potato,NR,NR,765,
,28/12/2014,350,Potato,NR,NR,770,
,29/12/2014,360,Potato,NR,NR,775,
Gulavati,06/12/2014,12,Desi,1200,1250,1240,
,07/12/2014,10,Desi,1200,1260,1235,
,08/12/2014,13,Other,1100,1250,1120,
,09/12/2014,12,Desi,1080,1140,1100,
,10/12/2014,13,Other,1060,1150,1080,
,12/12/2014,14,Desi,900,1000,950,
,16/12/2014,13,Desi,845,890,850,
,18/12/2014,13,Desi,800,880,840,
,19/12/2014,14,Desi,780,850,800,
,20/12/2014,14.5,Desi,700,800,790,
,24/12/2014,14,Desi,710,760,740,
,25/12/2014,13.5,Desi,710,760,745,
,26/12/2014,14,Desi,700,800,750,
,27/12/2014,12,Desi,700,760,745,
,31/12/2014,13,Desi,690,740,700,
Haathras,01/12/2014,400,F.A.Q.,1550,1650,1600,
,02/12/2014,500,F.A.Q.,1450,1600,1550,
,04/12/2014,600,F.A.Q.,1250,1350,1300,
,05/12/2014,300,F.A.Q.,1300,1450,1350,
,08/12/2014,200,F.A.Q.,950,1050,1000,
,09/12/2014,300,F.A.Q.,900,1000,950,
,10/12/2014,250,F.A.Q.,910,1010,960,
,11/12/2014,300,F.A.Q.,850,950,900,
,12/12/2014,350,F.A.Q.,800,900,850,
,13/12/2014,150,F.A.Q.,860,1000,900,
,15/12/2014,100,F.A.Q.,900,1050,950,
,16/12/2014,200,F.A.Q.,850,1000,900,
,17/12/2014,250,F.A.Q.,830,960,880,
,18/12/2014,300,F.A.Q.,800,900,850,
,19/12/2014,350,F.A.Q.,700,800,750,
,20/12/2014,400,F.A.Q.,650,750,700,
,22/12/2014,150,F.A.Q.,680,800,730,
,24/12/2014,200,F.A.Q.,650,750,700,
,25/12/2014,200,F.A.Q.,710,800,760,
,26/12/2014,200,F.A.Q.,700,780,740,
,27/12/2014,300,F.A.Q.,650,750,700,
